Stage,Lake Area (acres),Volume
3851.5,0,0
3851.6,32,10
3851.7,64,20
3851.8,96,30
3851.9,128,40
3852.0,160,50
3852.1,198,80
3852.2,236,110
3852.3,274,140
3852.4,312,170
3852.5,350,200
3852.6,394,240
3852.7,438,280
3852.8,482,320
3852.9,526,360
3853.0,570,400
3853.1,626,460
3853.2,682,520
3853.3,738,580
3853.4,794,640
3853.5,850,700
3853.6,912,760
3853.7,974,820
3853.8,1036,880
3853.9,1098,940
3854.0,1160,1000
3854.1,1230,1200
3854.2,1300,1400
3854.3,1370,1600
3854.4,1440,1800
3854.5,1510,2000
3854.6,1604,2200
3854.7,1698,2400
3854.8,1792,2600
3854.9,1886,2800
3855.0,1980,3000
3855.1,2086,3200
3855.2,2192,3400
3855.3,2298,3600
3855.4,2404,3800
3855.5,2510,4000
3855.6,2626,4200
3855.7,2742,4400
3855.8,2858,4600
3855.9,2974,4800
3856.0,3090,5000
3856.1,3222,5400
3856.2,3354,5800
3856.3,3486,6200
3856.4,3618,6600
3856.5,3750,7000
3856.6,3868,7400
3856.7,3986,7800
3856.8,4104,8200
3856.9,4222,8600
3857.0,4340,9000
3857.1,4464,9400
3857.2,4588,9800
3857.3,4712,10200
3857.4,4836,10600
3857.5,4960,11000
3857.6,5076,11600
3857.7,5192,12200
3857.8,5308,12800
3857.9,5424,13400
3858.0,5540,14000
3858.1,5648,14600
3858.2,5756,15200
3858.3,5864,15800
3858.4,5972,16400
3858.5,6080,17000
3858.6,6206,17600
3858.7,6332,18200
3858.8,6458,18800
3858.9,6584,19400
3859.0,6710,20000
3859.1,6842,20800
3859.2,6974,21600
3859.3,7106,22400
3859.4,7238,23200
3859.5,7370,24000
3859.6,7492,24600
3859.7,7614,25200
3859.8,7736,25800
3859.9,7858,26400
3860.0,7980,27000
3860.1,8090,28000
3860.2,8200,29000
3860.3,8310,30000
3860.4,8420,31000
3860.5,8530,32000
3860.6,8632,32800
3860.7,8734,33600
3860.8,8836,34400
3860.9,8938,35200
3861.0,9040,36000
3861.1,9120,37000
3861.2,9200,38000
3861.3,9280,39000
3861.4,9360,40000
3861.5,9440,41000
3861.6,9514,41800
3861.7,9588,42600
3861.8,9662,43400
3861.9,9736,44200
3862.0,9810,45000
3862.1,9882,46000
3862.2,9954,47000
3862.3,10026,48000
3862.4,10098,49000
3862.5,10170,50000
3862.6,10236,51200
3862.7,10302,52400
3862.8,10368,53600
3862.9,10434,54800
3863.0,10500,56000
3863.1,10562,57000
3863.2,10624,58000
3863.3,10686,59000
3863.4,10748,60000
3863.5,10810,61000
3863.6,10870,62000
3863.7,10930,63000
3863.8,10990,64000
3863.9,11050,65000
3864.0,11110,66000
3864.1,11172,67200
3864.2,11234,68400
3864.3,11296,69600
3864.4,11358,70800
3864.5,11420,72000
3864.6,11488,73200
3864.7,11556,74400
3864.8,11624,75600
3864.9,11692,76800
3865.0,11760,78000
3865.1,11832,79200
3865.2,11904,80400
3865.3,11976,81600
3865.4,12048,82800
3865.5,12120,84000
3865.6,12190,85200
3865.7,12260,86400
3865.8,12330,87600
3865.9,12400,88800
3866.0,12470,90000
3866.1,12536,91200
3866.2,12602,92400
3866.3,12668,93600
3866.4,12734,94800
3866.5,12800,96000
3866.6,12862,97400
3866.7,12924,98800
3866.8,12986,100200
3866.9,13048,101600
3867.0,13110,103000
3867.1,13172,104200
3867.2,13234,105400
3867.3,13296,106600
3867.4,13358,107800
3867.5,13420,109000
3867.6,13480,110400
3867.7,13540,111800
3867.8,13600,113200
3867.9,13660,114600
3868.0,13720,116000
3868.1,13772,117400
3868.2,13824,118800
3868.3,13876,120200
3868.4,13928,121600
3868.5,13980,123000
3868.6,14026,124400
3868.7,14072,125800
3868.8,14118,127200
3868.9,14164,128600
3869.0,14210,130000
3869.1,14260,131400
3869.2,14310,132800
3869.3,14360,134200
3869.4,14410,135600
3869.5,14460,137000
3869.6,14510,138600
3869.7,14560,140200
3869.8,14610,141800
3869.9,14660,143400
3870.0,14710,145000
3870.1,14762,146400
3870.2,14814,147800
3870.3,14866,149200
3870.4,14918,150600
3870.5,14970,152000
3870.6,15016,153600
3870.7,15062,155200
3870.8,15108,156800
3870.9,15154,158400
3871.0,15200,160000
3871.1,15242,161400
3871.2,15284,162800
3871.3,15326,164200
3871.4,15368,165600
3871.5,15410,167000
3871.6,15452,168600
3871.7,15494,170200
3871.8,15536,171800
3871.9,15578,173400
3872.0,15620,175000
3872.1,15660,176600
3872.2,15700,178200
3872.3,15740,179800
3872.4,15780,181400
3872.5,15820,183000
3872.6,15858,184600
3872.7,15896,186200
3872.8,15934,187800
3872.9,15972,189400
3873.0,16010,191000
3873.1,16048,192600
3873.2,16086,194200
3873.3,16124,195800
3873.4,16162,197400
3873.5,16200,199000
3873.6,16240,200600
3873.7,16280,202200
3873.8,16320,203800
3873.9,16360,205400
3874.0,16400,207000
3874.1,16436,208600
3874.2,16472,210200
3874.3,16508,211800
3874.4,16544,213400
3874.5,16580,215000
3874.6,16616,216800
3874.7,16652,218600
3874.8,16688,220400
3874.9,16724,222200
3875.0,16760,224000
3875.1,16796,225600
3875.2,16832,227200
3875.3,16868,228800
3875.4,16904,230400
3875.5,16940,232000
3875.6,16976,233600
3875.7,17012,235200
3875.8,17048,236800
3875.9,17084,238400
3876.0,17120,240000
3876.1,17156,241800
3876.2,17192,243600
3876.3,17228,245400
3876.4,17264,247200
3876.5,17300,249000
3876.6,17340,250800
3876.7,17380,252600
3876.8,17420,254400
3876.9,17460,256200
3877.0,17500,258000
3877.1,17538,259800
3877.2,17576,261600
3877.3,17614,263400
3877.4,17652,265200
3877.5,17690,267000
3877.6,17728,268800
3877.7,17766,270600
3877.8,17804,272400
3877.9,17842,274200
3878.0,17880,276000
3878.1,17916,277600
3878.2,17952,279200
3878.3,17988,280800
3878.4,18024,282400
3878.5,18060,284000
3878.6,18100,286000
3878.7,18140,288000
3878.8,18180,290000
3878.9,18220,292000
3879.0,18260,294000
3879.1,18296,295800
3879.2,18332,297600
3879.3,18368,299400
3879.4,18404,301200
3879.5,18440,303000
3879.6,18476,304800
3879.7,18512,306600
3879.8,18548,308400
3879.9,18584,310200
3880.0,18620,312000
3880.1,18656,313800
3880.2,18692,315600
3880.3,18728,317400
3880.4,18764,319200
3880.5,18800,321000
3880.6,18836,323000
3880.7,18872,325000
3880.8,18908,327000
3880.9,18944,329000
3881.0,18980,331000
3881.1,19016,332800
3881.2,19052,334600
3881.3,19088,336400
3881.4,19124,338200
3881.5,19160,340000
3881.6,19196,342000
3881.7,19232,344000
3881.8,19268,346000
3881.9,19304,348000
3882.0,19340,350000
3882.1,19376,352000
3882.2,19412,354000
3882.3,19448,356000
3882.4,19484,358000
3882.5,19520,360000
3882.6,19556,362000
3882.7,19592,364000
3882.8,19628,366000
3882.9,19664,368000
3883.0,19700,370000
3883.1,19734,371800
3883.2,19768,373600
3883.3,19802,375400
3883.4,19836,377200
3883.5,19870,379000
3883.6,19906,381000
3883.7,19942,383000
3883.8,19978,385000
3883.9,20014,387000
3884.0,20050,389000
3884.1,20084,391000
3884.2,20118,393000
3884.3,20152,395000
3884.4,20186,397000
3884.5,20220,399000
3884.6,20254,401200
3884.7,20288,403400
3884.8,20322,405600
3884.9,20356,407800
3885.0,20390,410000
3885.1,20424,412000
3885.2,20458,414000
3885.3,20492,416000
3885.4,20526,418000
3885.5,20560,420000
3885.6,20594,422000
3885.7,20628,424000
3885.8,20662,426000
3885.9,20696,428000
3886.0,20730,430000
3886.1,20764,432000
3886.2,20798,434000
3886.3,20832,436000
3886.4,20866,438000
3886.5,20900,440000
3886.6,20934,442200
3886.7,20968,444400
3886.8,21002,446600
3886.9,21036,448800
3887.0,21070,451000
3887.1,21104,453200
3887.2,21138,455400
3887.3,21172,457600
3887.4,21206,459800
3887.5,21240,462000
3887.6,21272,464000
3887.7,21304,466000
3887.8,21336,468000
3887.9,21368,470000
3888.0,21400,472000
3888.1,21432,474200
3888.2,21464,476400
3888.3,21496,478600
3888.4,21528,480800
3888.5,21560,483000
3888.6,21592,485200
3888.7,21624,487400
3888.8,21656,489600
3888.9,21688,491800
3889.0,21720,494000
3889.1,21752,496200
3889.2,21784,498400
3889.3,21816,500600
3889.4,21848,502800
3889.5,21880,505000
3889.6,21912,507200
3889.7,21944,509400
3889.8,21976,511600
3889.9,22008,513800
3890.0,22040,516000
3890.1,22072,518200
3890.2,22104,520400
3890.3,22136,522600
3890.4,22168,524800
3890.5,22200,527000
3890.6,22232,529200
3890.7,22264,531400
3890.8,22296,533600
3890.9,22328,535800
3891.0,22360,538000
3891.1,22394,540200
3891.2,22428,542400
3891.3,22462,544600
3891.4,22496,546800
3891.5,22530,549000
3891.6,22560,551200
3891.7,22590,553400
3891.8,22620,555600
3891.9,22650,557800
3892.0,22680,560000
3892.1,22710,562400
3892.2,22740,564800
3892.3,22770,567200
3892.4,22800,569600
3892.5,22830,572000
3892.6,22860,574200
3892.7,22890,576400
3892.8,22920,578600
3892.9,22950,580800
3893.0,22980,583000
3893.1,23010,585400
3893.2,23040,587800
3893.3,23070,590200
3893.4,23100,592600
3893.5,23130,595000
3893.6,23160,597200
3893.7,23190,599400
3893.8,23220,601600
3893.9,23250,603800
3894.0,23280,606000
3894.1,23308,608400
3894.2,23336,610800
3894.3,23364,613200
3894.4,23392,615600
3894.5,23420,618000
3894.6,23448,620400
3894.7,23476,622800
3894.8,23504,625200
3894.9,23532,627600
3895.0,23560,630000
3895.1,23588,632400
3895.2,23616,634800
3895.3,23644,637200
3895.4,23672,639600
3895.5,23700,642000
3895.6,23730,644400
3895.7,23760,646800
3895.8,23790,649200
3895.9,23820,651600
3896.0,23850,654000
3896.1,23878,656400
3896.2,23906,658800
3896.3,23934,661200
3896.4,23962,663600
3896.5,23990,666000
3896.6,24018,668400
3896.7,24046,670800
3896.8,24074,673200
3896.9,24102,675600
3897.0,24130,678000
3897.1,24156,680400
3897.2,24182,682800
3897.3,24208,685200
3897.4,24234,687600
3897.5,24260,690000
3897.6,24290,692400
3897.7,24320,694800
3897.8,24350,697200
3897.9,24380,699600
3898.0,24410,702000
3898.1,24438,704400
3898.2,24466,706800
3898.3,24494,709200
3898.4,24522,711600
3898.5,24550,714000
3898.6,24578,716400
3898.7,24606,718800
3898.8,24634,721200
3898.9,24662,723600
3899.0,24690,726000
3899.1,24718,728600
3899.2,24746,731200
3899.3,24774,733800
3899.4,24802,736400
3899.5,24830,739000
3899.6,24858,741400
3899.7,24886,743800
3899.8,24914,746200
3899.9,24942,748600
3900.0,24970,751000
3900.1,24998,753600
3900.2,25026,756200
3900.3,25054,758800
3900.4,25082,761400
3900.5,25110,764000
3900.6,25140,766400
3900.7,25170,768800
3900.8,25200,771200
3900.9,25230,773600
3901.0,25260,776000
3901.1,25288,778600
3901.2,25316,781200
3901.3,25344,783800
3901.4,25372,786400
3901.5,25400,789000
3901.6,25428,791600
3901.7,25456,794200
3901.8,25484,796800
3901.9,25512,799400
3902.0,25540,802000
3902.1,25568,804400
3902.2,25596,806800
3902.3,25624,809200
3902.4,25652,811600
3902.5,25680,814000
3902.6,25706,816600
3902.7,25732,819200
3902.8,25758,821800
3902.9,25784,824400
3903.0,25810,827000
3903.1,25836,829600
3903.2,25862,832200
3903.3,25888,834800
3903.4,25914,837400
3903.5,25940,840000
3903.6,25966,842600
3903.7,25992,845200
3903.8,26018,847800
3903.9,26044,850400
3904.0,26070,853000
3904.1,26096,855600
3904.2,26122,858200
3904.3,26148,860800
3904.4,26174,863400
3904.5,26200,866000
3904.6,26226,868800
3904.7,26252,871600
3904.8,26278,874400
3904.9,26304,877200
3905.0,26330,880000
3905.1,26354,882600
3905.2,26378,885200
3905.3,26402,887800
3905.4,26426,890400
3905.5,26450,893000
3905.6,26476,895600
3905.7,26502,898200
3905.8,26528,900800
3905.9,26554,903400
3906.0,26580,906000
3906.1,26604,908600
3906.2,26628,911200
3906.3,26652,913800
3906.4,26676,916400
3906.5,26700,919000
3906.6,26724,921800
3906.7,26748,924600
3906.8,26772,927400
3906.9,26796,930200
3907.0,26820,933000
3907.1,26844,935600
3907.2,26868,938200
3907.3,26892,940800
3907.4,26916,943400
3907.5,26940,946000
3907.6,26962,948800
3907.7,26984,951600
3907.8,27006,954400
3907.9,27028,957200
3908.0,27050,960000
3908.1,27072,962600
3908.2,27094,965200
3908.3,27116,967800
3908.4,27138,970400
3908.5,27160,973000
3908.6,27182,975800
3908.7,27204,978600
3908.8,27226,981400
3908.9,27248,984200
3909.0,27270,987000
3909.1,27292,989600
3909.2,27314,992200
3909.3,27336,994800
3909.4,27358,997400
3909.5,27380,1000000
3909.6,27402,1002800
3909.7,27424,1005600
3909.8,27446,1008400
3909.9,27468,1011200
3910.0,27490,1014000
3910.1,27512,1016800
3910.2,27534,1019600
3910.3,27556,1022400
3910.4,27578,1025200
3910.5,27600,1028000
3910.6,27620,1030800
3910.7,27640,1033600
3910.8,27660,1036400
3910.9,27680,1039200
3911.0,27700,1042000
3911.1,27722,1044800
3911.2,27744,1047600
3911.3,27766,1050400
3911.4,27788,1053200
3911.5,27810,1056000
3911.6,27830,1058800
3911.7,27850,1061600
3911.8,27870,1064400
3911.9,27890,1067200
3912.0,27910,1070000
3912.1,27930,1072800
3912.2,27950,1075600
3912.3,27970,1078400
3912.4,27990,1081200
3912.5,28010,1084000
3912.6,28028,1086800
3912.7,28046,1089600
3912.8,28064,1092400
3912.9,28082,1095200
3913.0,28100,1098000
3913.1,28120,1100800
3913.2,28140,1103600
3913.3,28160,1106400
3913.4,28180,1109200
3913.5,28200,1112000
3913.6,28220,1114800
3913.7,28240,1117600
3913.8,28260,1120400
3913.9,28280,1123200
3914.0,28300,1126000
3914.1,28320,1128800
3914.2,28340,1131600
3914.3,28360,1134400
3914.4,28380,1137200
3914.5,28400,1140000
3914.6,28420,1142800
3914.7,28440,1145600
3914.8,28460,1148400
3914.9,28480,1151200
3915.0,28500,1154000
3915.1,28518,1156800
3915.2,28536,1159600
3915.3,28554,1162400
3915.4,28572,1165200
3915.5,28590,1168000
3915.6,28608,1171000
3915.7,28626,1174000
3915.8,28644,1177000
3915.9,28662,1180000
3916.0,28680,1183000
3916.1,28698,1185800
3916.2,28716,1188600
3916.3,28734,1191400
3916.4,28752,1194200
3916.5,28770,1197000
3916.6,28788,1200000
3916.7,28806,1203000
3916.8,28824,1206000
3916.9,28842,1209000
3917.0,28860,1212000
3917.1,28878,1214800
3917.2,28896,1217600
3917.3,28914,1220400
3917.4,28932,1223200
3917.5,28950,1226000
3917.6,28970,1228800
3917.7,28990,1231600
3917.8,29010,1234400
3917.9,29030,1237200
3918.0,29050,1240000
3918.1,29066,1243000
3918.2,29082,1246000
3918.3,29098,1249000
3918.4,29114,1252000
3918.5,29130,1255000
3918.6,29148,1258000
3918.7,29166,1261000
3918.8,29184,1264000
3918.9,29202,1267000
3919.0,29220,1270000
3919.1,29238,1272800
3919.2,29256,1275600
3919.3,29274,1278400
3919.4,29292,1281200
3919.5,29310,1284000
3919.6,29328,1287000
3919.7,29346,1290000
3919.8,29364,1293000
3919.9,29382,1296000
3920.0,29400,1299000
3920.1,29418,1302000
3920.2,29436,1305000
3920.3,29454,1308000
3920.4,29472,1311000
3920.5,29490,1314000
3920.6,29508,1316800
3920.7,29526,1319600
3920.8,29544,1322400
3920.9,29562,1325200
3921.0,29580,1328000
3921.1,29598,1331000
3921.2,29616,1334000
3921.3,29634,1337000
3921.4,29652,1340000
3921.5,29670,1343000
3921.6,29688,1346000
3921.7,29706,1349000
3921.8,29724,1352000
3921.9,29742,1355000
3922.0,29760,1358000
3922.1,29778,1361000
3922.2,29796,1364000
3922.3,29814,1367000
3922.4,29832,1370000
3922.5,29850,1373000
3922.6,29868,1376000
3922.7,29886,1379000
3922.8,29904,1382000
3922.9,29922,1385000
3923.0,29940,1388000
3923.1,29960,1391000
3923.2,29980,1394000
3923.3,30000,1397000
3923.4,30020,1400000
3923.5,30040,1403000
3923.6,30058,1406000
3923.7,30076,1409000
3923.8,30094,1412000
3923.9,30112,1415000
3924.0,30130,1418000
3924.1,30148,1421000
3924.2,30166,1424000
3924.3,30184,1427000
3924.4,30202,1430000
3924.5,30220,1433000
3924.6,30238,1436000
3924.7,30256,1439000
3924.8,30274,1442000
3924.9,30292,1445000
3925.0,30310,1448000
3925.1,30328,1451000
3925.2,30346,1454000
3925.3,30364,1457000
3925.4,30382,1460000
3925.5,30400,1463000
3925.6,30418,1466000
3925.7,30436,1469000
3925.8,30454,1472000
3925.9,30472,1475000
3926.0,30490,1478000
3926.1,30508,1481200
3926.2,30526,1484400
3926.3,30544,1487600
3926.4,30562,1490800
3926.5,30580,1494000
3926.6,30596,1497000
3926.7,30612,1500000
3926.8,30628,1503000
3926.9,30644,1506000
3927.0,30660,1509000
3927.1,30678,1512000
3927.2,30696,1515000
3927.3,30714,1518000
3927.4,30732,1521000
3927.5,30750,1524000
3927.6,30766,1527200
3927.7,30782,1530400
3927.8,30798,1533600
3927.9,30814,1536800
3928.0,30830,1540000
3928.1,30848,1543000
3928.2,30866,1546000
3928.3,30884,1549000
3928.4,30902,1552000
3928.5,30920,1555000
3928.6,30938,1558200
3928.7,30956,1561400
3928.8,30974,1564600
3928.9,30992,1567800
3929.0,31010,1571000
3929.1,31026,1574000
3929.2,31042,1577000
3929.3,31058,1580000
3929.4,31074,1583000
3929.5,31090,1586000
3929.6,31108,1589200
3929.7,31126,1592400
3929.8,31144,1595600
3929.9,31162,1598800
3930.0,31180,1602000
3930.1,31198,1605200
3930.2,31216,1608400
3930.3,31234,1611600
3930.4,31252,1614800
3930.5,31270,1618000
3930.6,31286,1621000
3930.7,31302,1624000
3930.8,31318,1627000
3930.9,31334,1630000
3931.0,31350,1633000
3931.1,31368,1636200
3931.2,31386,1639400
3931.3,31404,1642600
3931.4,31422,1645800
3931.5,31440,1649000
3931.6,31458,1652200
3931.7,31476,1655400
3931.8,31494,1658600
3931.9,31512,1661800
3932.0,31530,1665000
3932.1,31550,1668000
3932.2,31570,1671000
3932.3,31590,1674000
3932.4,31610,1677000
3932.5,31630,1680000
3932.6,31648,1683200
3932.7,31666,1686400
3932.8,31684,1689600
3932.9,31702,1692800
3933.0,31720,1696000
3933.1,31740,1699200
3933.2,31760,1702400
3933.3,31780,1705600
3933.4,31800,1708800
3933.5,31820,1712000
3933.6,31838,1715200
3933.7,31856,1718400
3933.8,31874,1721600
3933.9,31892,1724800
3934.0,31910,1728000
3934.1,31930,1731200
3934.2,31950,1734400
3934.3,31970,1737600
3934.4,31990,1740800
3934.5,32010,1744000
3934.6,32028,1747200
3934.7,32046,1750400
3934.8,32064,1753600
3934.9,32082,1756800
3935.0,32100,1760000
3935.1,32114,1763200
3935.2,32128,1766400
3935.3,32142,1769600
3935.4,32156,1772800
3935.5,32170,1776000
3935.6,32192,1779200
3935.7,32214,1782400
3935.8,32236,1785600
3935.9,32258,1788800
3936.0,32280,1792000
3936.1,32340,1795200
3936.2,32400,1798400
3936.3,32460,1801600
3936.4,32520,1804800
3936.5,32580,1808000
3936.6,32606,1811400
3936.7,32632,1814800
3936.8,32658,1818200
3936.9,32684,1821600
3937.0,32710,1825000
3937.1,32732,1828200
3937.2,32754,1831400
3937.3,32776,1834600
3937.4,32798,1837800
3937.5,32820,1841000
3937.6,32836,1844400
3937.7,32852,1847800
3937.8,32868,1851200
3937.9,32884,1854600
3938.0,32900,1858000
3938.1,32914,1861200
3938.2,32928,1864400
3938.3,32942,1867600
3938.4,32956,1870800
3938.5,32970,1874000
3938.6,32982,1877200
3938.7,32994,1880400
3938.8,33006,1883600
3938.9,33018,1886800
3939.0,33030,1890000
3939.1,33042,1893400
3939.2,33054,1896800
3939.3,33066,1900200
3939.4,33078,1903600
3939.5,33090,1907000
3939.6,33106,1910400
3939.7,33122,1913800
3939.8,33138,1917200
3939.9,33154,1920600
3940.0,33170,1924000
3940.1,33188,1927200
3940.2,33206,1930400
3940.3,33224,1933600
3940.4,33242,1936800
3940.5,33260,1940000
3940.6,33280,1943400
3940.7,33300,1946800
3940.8,33320,1950200
3940.9,33340,1953600
3941.0,33360,1957000
3941.1,33378,1960400
3941.2,33396,1963800
3941.3,33414,1967200
3941.4,33432,1970600
3941.5,33450,1974000
3941.6,33468,1977200
3941.7,33486,1980400
3941.8,33504,1983600
3941.9,33522,1986800
3942.0,33540,1990000
3942.1,33556,1993400
3942.2,33572,1996800
3942.3,33588,2000200
3942.4,33604,2003600
3942.5,33620,2007000
3942.6,33636,2010400
3942.7,33652,2013800
3942.8,33668,2017200
3942.9,33684,2020600
3943.0,33700,2024000
3943.1,33714,2027400
3943.2,33728,2030800
3943.3,33742,2034200
3943.4,33756,2037600
3943.5,33770,2041000
3943.6,33784,2044400
3943.7,33798,2047800
3943.8,33812,2051200
3943.9,33826,2054600
3944.0,33840,2058000
3944.1,33858,2061400
3944.2,33876,2064800
3944.3,33894,2068200
3944.4,33912,2071600
3944.5,33930,2075000
3944.6,33950,2078400
3944.7,33970,2081800
3944.8,33990,2085200
3944.9,34010,2088600
3945.0,34030,2092000
3945.1,34050,2095400
3945.2,34070,2098800
3945.3,34090,2102200
3945.4,34110,2105600
3945.5,34130,2109000
3945.6,34150,2112400
3945.7,34170,2115800
3945.8,34190,2119200
3945.9,34210,2122600
3946.0,34230,2126000
3946.1,34250,2129400
3946.2,34270,2132800
3946.3,34290,2136200
3946.4,34310,2139600
3946.5,34330,2143000
3946.6,34348,2146400
3946.7,34366,2149800
3946.8,34384,2153200
3946.9,34402,2156600
3947.0,34420,2160000
3947.1,34440,2163400
3947.2,34460,2166800
3947.3,34480,2170200
3947.4,34500,2173600
3947.5,34520,2177000
3947.6,34540,2180600
3947.7,34560,2184200
3947.8,34580,2187800
3947.9,34600,2191400
3948.0,34620,2195000
3948.1,34640,2198400
3948.2,34660,2201800
3948.3,34680,2205200
3948.4,34700,2208600
3948.5,34720,2212000
3948.6,34740,2215400
3948.7,34760,2218800
3948.8,34780,2222200
3948.9,34800,2225600
3949.0,34820,2229000
3949.1,34838,2232600
3949.2,34856,2236200
3949.3,34874,2239800
3949.4,34892,2243400
3949.5,34910,2247000
3949.6,34928,2250400
3949.7,34946,2253800
3949.8,34964,2257200
3949.9,34982,2260600
3950.0,35000,2264000
3950.1,35014,2267600
3950.2,35028,2271200
3950.3,35042,2274800
3950.4,35056,2278400
3950.5,35070,2282000
3950.6,35084,2285400
3950.7,35098,2288800
3950.8,35112,2292200
3950.9,35126,2295600
3951.0,35140,2299000
3951.1,35156,2302600
3951.2,35172,2306200
3951.3,35188,2309800
3951.4,35204,2313400
3951.5,35220,2317000
3951.6,35234,2320600
3951.7,35248,2324200
3951.8,35262,2327800
3951.9,35276,2331400
3952.0,35290,2335000
3952.1,35304,2338400
3952.2,35318,2341800
3952.3,35332,2345200
3952.4,35346,2348600
3952.5,35360,2352000
3952.6,35374,2355600
3952.7,35388,2359200
3952.8,35402,2362800
3952.9,35416,2366400
3953.0,35430,2370000
3953.1,35442,2373600
3953.2,35454,2377200
3953.3,35466,2380800
3953.4,35478,2384400
3953.5,35490,2388000
3953.6,35504,2391400
3953.7,35518,2394800
3953.8,35532,2398200
3953.9,35546,2401600
3954.0,35560,2405000
3954.1,35576,2408600
3954.2,35592,2412200
3954.3,35608,2415800
3954.4,35624,2419400
3954.5,35640,2423000
3954.6,35658,2426600
3954.7,35676,2430200
3954.8,35694,2433800
3954.9,35712,2437400
3955.0,35730,2441000
3955.1,35752,2444600
3955.2,35774,2448200
3955.3,35796,2451800
3955.4,35818,2455400
3955.5,35840,2459000
3955.6,35860,2462600
3955.7,35880,2466200
3955.8,35900,2469800
3955.9,35920,2473400
3956.0,35940,2477000
3956.1,35958,2480600
3956.2,35976,2484200
3956.3,35994,2487800
3956.4,36012,2491400
3956.5,36030,2495000
3956.6,36048,2498600
3956.7,36066,2502200
3956.8,36084,2505800
3956.9,36102,2509400
3957.0,36120,2513000
3957.1,36138,2516600
3957.2,36156,2520200
3957.3,36174,2523800
3957.4,36192,2527400
3957.5,36210,2531000
3957.6,36228,2534600
3957.7,36246,2538200
3957.8,36264,2541800
3957.9,36282,2545400
3958.0,36300,2549000
3958.1,36324,2552600
3958.2,36348,2556200
3958.3,36372,2559800
3958.4,36396,2563400
3958.5,36420,2567000
3958.6,36446,2570800
3958.7,36472,2574600
3958.8,36498,2578400
3958.9,36524,2582200
3959.0,36550,2586000
3959.1,36572,2589600
3959.2,36594,2593200
3959.3,36616,2596800
3959.4,36638,2600400
3959.5,36660,2604000
3959.6,36678,2607600
3959.7,36696,2611200
3959.8,36714,2614800
3959.9,36732,2618400
3960.0,36750,2622000
3960.1,36768,2625800
3960.2,36786,2629600
3960.3,36804,2633400
3960.4,36822,2637200
3960.5,36840,2641000
3960.6,36860,2644600
3960.7,36880,2648200
3960.8,36900,2651800
3960.9,36920,2655400
3961.0,36940,2659000
3961.1,36962,2662800
3961.2,36984,2666600
3961.3,37006,2670400
3961.4,37028,2674200
3961.5,37050,2678000
3961.6,37072,2681600
3961.7,37094,2685200
3961.8,37116,2688800
3961.9,37138,2692400
3962.0,37160,2696000
3962.1,37184,2699800
3962.2,37208,2703600
3962.3,37232,2707400
3962.4,37256,2711200
3962.5,37280,2715000
3962.6,37302,2718600
3962.7,37324,2722200
3962.8,37346,2725800
3962.9,37368,2729400
3963.0,37390,2733000
3963.1,37412,2736800
3963.2,37434,2740600
3963.3,37456,2744400
3963.4,37478,2748200
3963.5,37500,2752000
3963.6,37520,2755800
3963.7,37540,2759600
3963.8,37560,2763400
3963.9,37580,2767200
3964.0,37600,2771000
3964.1,37620,2774800
3964.2,37640,2778600
3964.3,37660,2782400
3964.4,37680,2786200
3964.5,37700,2790000
3964.6,37720,2793800
3964.7,37740,2797600
3964.8,37760,2801400
3964.9,37780,2805200
3965.0,37800,2809000
3965.1,37822,2812800
3965.2,37844,2816600
3965.3,37866,2820400
3965.4,37888,2824200
3965.5,37910,2828000
3965.6,37932,2831600
3965.7,37954,2835200
3965.8,37976,2838800
3965.9,37998,2842400
3966.0,38020,2846000
3966.1,38044,2850000
3966.2,38068,2854000
3966.3,38092,2858000
3966.4,38116,2862000
3966.5,38140,2866000
3966.6,38162,2869800
3966.7,38184,2873600
3966.8,38206,2877400
3966.9,38228,2881200
3967.0,38250,2885000
3967.1,38272,2888800
3967.2,38294,2892600
3967.3,38316,2896400
3967.4,38338,2900200
3967.5,38360,2904000
3967.6,38378,2907800
3967.7,38396,2911600
3967.8,38414,2915400
3967.9,38432,2919200
3968.0,38450,2923000
3968.1,38468,2926800
3968.2,38486,2930600
3968.3,38504,2934400
3968.4,38522,2938200
3968.5,38540,2942000
3968.6,38558,2946000
3968.7,38576,2950000
3968.8,38594,2954000
3968.9,38612,2958000
3969.0,38630,2962000
3969.1,38648,2965800
3969.2,38666,2969600
3969.3,38684,2973400
3969.4,38702,2977200
3969.5,38720,2981000
3969.6,38738,2984800
3969.7,38756,2988600
3969.8,38774,2992400
3969.9,38792,2996200
3970.0,38810,3000000
3970.1,38826,3004000
3970.2,38842,3008000
3970.3,38858,3012000
3970.4,38874,3016000
3970.5,38890,3020000
3970.6,38904,3023800
3970.7,38918,3027600
3970.8,38932,3031400
3970.9,38946,3035200
3971.0,38960,3039000
3971.1,38978,3043000
3971.2,38996,3047000
3971.3,39014,3051000
3971.4,39032,3055000
3971.5,39050,3059000
3971.6,39070,3062800
3971.7,39090,3066600
3971.8,39110,3070400
3971.9,39130,3074200
3972.0,39150,3078000
3972.1,39172,3082000
3972.2,39194,3086000
3972.3,39216,3090000
3972.4,39238,3094000
3972.5,39260,3098000
3972.6,39278,3102000
3972.7,39296,3106000
3972.8,39314,3110000
3972.9,39332,3114000
3973.0,39350,3118000
3973.1,39366,3121800
3973.2,39382,3125600
3973.3,39398,3129400
3973.4,39414,3133200
3973.5,39430,3137000
3973.6,39448,3141000
3973.7,39466,3145000
3973.8,39484,3149000
3973.9,39502,3153000
3974.0,39520,3157000
3974.1,39540,3161000
3974.2,39560,3165000
3974.3,39580,3169000
3974.4,39600,3173000
3974.5,39620,3177000
3974.6,39644,3180800
3974.7,39668,3184600
3974.8,39692,3188400
3974.9,39716,3192200
3975.0,39740,3196000
3975.1,39764,3200000
3975.2,39788,3204000
3975.3,39812,3208000
3975.4,39836,3212000
3975.5,39860,3216000
3975.6,39878,3220000
3975.7,39896,3224000
3975.8,39914,3228000
3975.9,39932,3232000
3976.0,39950,3236000
3976.1,39966,3240000
3976.2,39982,3244000
3976.3,39998,3248000
3976.4,40014,3252000
3976.5,40030,3256000
3976.6,40046,3260000
3976.7,40062,3264000
3976.8,40078,3268000
3976.9,40094,3272000
3977.0,40110,3276000
3977.1,40132,3280000
3977.2,40154,3284000
3977.3,40176,3288000
3977.4,40198,3292000
3977.5,40220,3296000
3977.6,40242,3300200
3977.7,40264,3304400
3977.8,40286,3308600
3977.9,40308,3312800
3978.0,40330,3317000
3978.1,40354,3321000
3978.2,40378,3325000
3978.3,40402,3329000
3978.4,40426,3333000
3978.5,40450,3337000
3978.6,40472,3341000
3978.7,40494,3345000
3978.8,40516,3349000
3978.9,40538,3353000
3979.0,40560,3357000
3979.1,40580,3361000
3979.2,40600,3365000
3979.3,40620,3369000
3979.4,40640,3373000
3979.5,40660,3377000
3979.6,40682,3381200
3979.7,40704,3385400
3979.8,40726,3389600
3979.9,40748,3393800
3980.0,40770,3398000
3980.1,40794,3402000
3980.2,40818,3406000
3980.3,40842,3410000
3980.4,40866,3414000
3980.5,40890,3418000
3980.6,40916,3422200
3980.7,40942,3426400
3980.8,40968,3430600
3980.9,40994,3434800
3981.0,41020,3439000
3981.1,41042,3443000
3981.2,41064,3447000
3981.3,41086,3451000
3981.4,41108,3455000
3981.5,41130,3459000
3981.6,41150,3463200
3981.7,41170,3467400
3981.8,41190,3471600
3981.9,41210,3475800
3982.0,41230,3480000
3982.1,41252,3484000
3982.2,41274,3488000
3982.3,41296,3492000
3982.4,41318,3496000
3982.5,41340,3500000
3982.6,41360,3504200
3982.7,41380,3508400
3982.8,41400,3512600
3982.9,41420,3516800
3983.0,41440,3521000
3983.1,41460,3525200
3983.2,41480,3529400
3983.3,41500,3533600
3983.4,41520,3537800
3983.5,41540,3542000
3983.6,41562,3546200
3983.7,41584,3550400
3983.8,41606,3554600
3983.9,41628,3558800
3984.0,41650,3563000
3984.1,41676,3567200
3984.2,41702,3571400
3984.3,41728,3575600
3984.4,41754,3579800
3984.5,41780,3584000
3984.6,41804,3588000
3984.7,41828,3592000
3984.8,41852,3596000
3984.9,41876,3600000
3985.0,41900,3604000
3985.1,41924,3608200
3985.2,41948,3612400
3985.3,41972,3616600
3985.4,41996,3620800
3985.5,42020,3625000
3985.6,42042,3629200
3985.7,42064,3633400
3985.8,42086,3637600
3985.9,42108,3641800
3986.0,42130,3646000
3986.1,42150,3650400
3986.2,42170,3654800
3986.3,42190,3659200
3986.4,42210,3663600
3986.5,42230,3668000
3986.6,42252,3672200
3986.7,42274,3676400
3986.8,42296,3680600
3986.9,42318,3684800
3987.0,42340,3689000
3987.1,42362,3693200
3987.2,42384,3697400
3987.3,42406,3701600
3987.4,42428,3705800
3987.5,42450,3710000
3987.6,42472,3714200
3987.7,42494,3718400
3987.8,42516,3722600
3987.9,42538,3726800
3988.0,42560,3731000
3988.1,42584,3735200
3988.2,42608,3739400
3988.3,42632,3743600
3988.4,42656,3747800
3988.5,42680,3752000
3988.6,42702,3756400
3988.7,42724,3760800
3988.8,42746,3765200
3988.9,42768,3769600
3989.0,42790,3774000
3989.1,42814,3778200
3989.2,42838,3782400
3989.3,42862,3786600
3989.4,42886,3790800
3989.5,42910,3795000
3989.6,42934,3799400
3989.7,42958,3803800
3989.8,42982,3808200
3989.9,43006,3812600
3990.0,43030,3817000
3990.1,43056,3821200
3990.2,43082,3825400
3990.3,43108,3829600
3990.4,43134,3833800
3990.5,43160,3838000
3990.6,43184,3842400
3990.7,43208,3846800
3990.8,43232,3851200
3990.9,43256,3855600
3991.0,43280,3860000
3991.1,43308,3864400
3991.2,43336,3868800
3991.3,43364,3873200
3991.4,43392,3877600
3991.5,43420,3882000
3991.6,43448,3886200
3991.7,43476,3890400
3991.8,43504,3894600
3991.9,43532,3898800
3992.0,43560,3903000
3992.1,43588,3907400
3992.2,43616,3911800
3992.3,43644,3916200
3992.4,43672,3920600
3992.5,43700,3925000
3992.6,43728,3929400
3992.7,43756,3933800
3992.8,43784,3938200
3992.9,43812,3942600
3993.0,43840,3947000
3993.1,43866,3951400
3993.2,43892,3955800
3993.3,43918,3960200
3993.4,43944,3964600
3993.5,43970,3969000
3993.6,43994,3973400
3993.7,44018,3977800
3993.8,44042,3982200
3993.9,44066,3986600
3994.0,44090,3991000
3994.1,44116,3995400
3994.2,44142,3999800
3994.3,44168,4004200
3994.4,44194,4008600
3994.5,44220,4013000
3994.6,44248,4017400
3994.7,44276,4021800
3994.8,44304,4026200
3994.9,44332,4030600
3995.0,44360,4035000
3995.1,44386,4039400
3995.2,44412,4043800
3995.3,44438,4048200
3995.4,44464,4052600
3995.5,44490,4057000
3995.6,44512,4061600
3995.7,44534,4066200
3995.8,44556,4070800
3995.9,44578,4075400
3996.0,44600,4080000
3996.1,44624,4084400
3996.2,44648,4088800
3996.3,44672,4093200
3996.4,44696,4097600
3996.5,44720,4102000
3996.6,44746,4106400
3996.7,44772,4110800
3996.8,44798,4115200
3996.9,44824,4119600
3997.0,44850,4124000
3997.1,44880,4128600
3997.2,44910,4133200
3997.3,44940,4137800
3997.4,44970,4142400
3997.5,45000,4147000
3997.6,45028,4151400
3997.7,45056,4155800
3997.8,45084,4160200
3997.9,45112,4164600
3998.0,45140,4169000
3998.1,45168,4173600
3998.2,45196,4178200
3998.3,45224,4182800
3998.4,45252,4187400
3998.5,45280,4192000
3998.6,45310,4196600
3998.7,45340,4201200
3998.8,45370,4205800
3998.9,45400,4210400
3999.0,45430,4215000
3999.1,45462,4219400
3999.2,45494,4223800
3999.3,45526,4228200
3999.4,45558,4232600
3999.5,45590,4237000
3999.6,45620,4241600
3999.7,45650,4246200
3999.8,45680,4250800
3999.9,45710,4255400
4000.0,45740,4260000
4000.1,45768,4264600
4000.2,45796,4269200
4000.3,45824,4273800
4000.4,45852,4278400
4000.5,45880,4283000
4000.6,45908,4287600
4000.7,45936,4292200
4000.8,45964,4296800
4000.9,45992,4301400
4001.0,46020,4306000
4001.1,46044,4310600
4001.2,46068,4315200
4001.3,46092,4319800
4001.4,46116,4324400
4001.5,46140,4329000
4001.6,46168,4333600
4001.7,46196,4338200
4001.8,46224,4342800
4001.9,46252,4347400
4002.0,46280,4352000
4002.1,46308,4356800
4002.2,46336,4361600
4002.3,46364,4366400
4002.4,46392,4371200
4002.5,46420,4376000
4002.6,46450,4380600
4002.7,46480,4385200
4002.8,46510,4389800
4002.9,46540,4394400
4003.0,46570,4399000
4003.1,46600,4403600
4003.2,46630,4408200
4003.3,46660,4412800
4003.4,46690,4417400
4003.5,46720,4422000
4003.6,46752,4426600
4003.7,46784,4431200
4003.8,46816,4435800
4003.9,46848,4440400
4004.0,46880,4445000
4004.1,46912,4449800
4004.2,46944,4454600
4004.3,46976,4459400
4004.4,47008,4464200
4004.5,47040,4469000
4004.6,47072,4473600
4004.7,47104,4478200
4004.8,47136,4482800
4004.9,47168,4487400
4005.0,47200,4492000
4005.1,47232,4496800
4005.2,47264,4501600
4005.3,47296,4506400
4005.4,47328,4511200
4005.5,47360,4516000
4005.6,47390,4520800
4005.7,47420,4525600
4005.8,47450,4530400
4005.9,47480,4535200
4006.0,47510,4540000
4006.1,47542,4544800
4006.2,47574,4549600
4006.3,47606,4554400
4006.4,47638,4559200
4006.5,47670,4564000
4006.6,47704,4568800
4006.7,47738,4573600
4006.8,47772,4578400
4006.9,47806,4583200
4007.0,47840,4588000
4007.1,47872,4592800
4007.2,47904,4597600
4007.3,47936,4602400
4007.4,47968,4607200
4007.5,48000,4612000
4007.6,48030,4616800
4007.7,48060,4621600
4007.8,48090,4626400
4007.9,48120,4631200
4008.0,48150,4636000
4008.1,48182,4640800
4008.2,48214,4645600
4008.3,48246,4650400
4008.4,48278,4655200
4008.5,48310,4660000
4008.6,48342,4664800
4008.7,48374,4669600
4008.8,48406,4674400
4008.9,48438,4679200
4009.0,48470,4684000
4009.1,48498,4688800
4009.2,48526,4693600
4009.3,48554,4698400
4009.4,48582,4703200
4009.5,48610,4708000
4009.6,48640,4712800
4009.7,48670,4717600
4009.8,48700,4722400
4009.9,48730,4727200
4010.0,48760,4732000
4010.1,48788,4737000
4010.2,48816,4742000
4010.3,48844,4747000
4010.4,48872,4752000
4010.5,48900,4757000
4010.6,48928,4761800
4010.7,48956,4766600
4010.8,48984,4771400
4010.9,49012,4776200
4011.0,49040,4781000
4011.1,49068,4786000
4011.2,49096,4791000
4011.3,49124,4796000
4011.4,49152,4801000
4011.5,49180,4806000
4011.6,49210,4810800
4011.7,49240,4815600
4011.8,49270,4820400
4011.9,49300,4825200
4012.0,49330,4830000
4012.1,49362,4835000
4012.2,49394,4840000
4012.3,49426,4845000
4012.4,49458,4850000
4012.5,49490,4855000
4012.6,49524,4860000
4012.7,49558,4865000
4012.8,49592,4870000
4012.9,49626,4875000
4013.0,49660,4880000
4013.1,49694,4885000
4013.2,49728,4890000
4013.3,49762,4895000
4013.4,49796,4900000
4013.5,49830,4905000
4013.6,49864,4910000
4013.7,49898,4915000
4013.8,49932,4920000
4013.9,49966,4925000
4014.0,50000,4930000
4014.1,50032,4935000
4014.2,50064,4940000
4014.3,50096,4945000
4014.4,50128,4950000
4014.5,50160,4955000
4014.6,50188,4960000
4014.7,50216,4965000
4014.8,50244,4970000
4014.9,50272,4975000
4015.0,50300,4980000
4015.1,50328,4985000
4015.2,50356,4990000
4015.3,50384,4995000
4015.4,50412,5000000
4015.5,50440,5005000
4015.6,50466,5010000
4015.7,50492,5015000
4015.8,50518,5020000
4015.9,50544,5025000
4016.0,50570,5030000
4016.1,50598,5035200
4016.2,50626,5040400
4016.3,50654,5045600
4016.4,50682,5050800
4016.5,50710,5056000
4016.6,50740,5061000
4016.7,50770,5066000
4016.8,50800,5071000
4016.9,50830,5076000
4017.0,50860,5081000
4017.1,50894,5086200
4017.2,50928,5091400
4017.3,50962,5096600
4017.4,50996,5101800
4017.5,51030,5107000
4017.6,51062,5112000
4017.7,51094,5117000
4017.8,51126,5122000
4017.9,51158,5127000
4018.0,51190,5132000
4018.1,51218,5137200
4018.2,51246,5142400
4018.3,51274,5147600
4018.4,51302,5152800
4018.5,51330,5158000
4018.6,51356,5163200
4018.7,51382,5168400
4018.8,51408,5173600
4018.9,51434,5178800
4019.0,51460,5184000
4019.1,51486,5189000
4019.2,51512,5194000
4019.3,51538,5199000
4019.4,51564,5204000
4019.5,51590,5209000
4019.6,51616,5214200
4019.7,51642,5219400
4019.8,51668,5224600
4019.9,51694,5229800
4020.0,51720,5235000
4020.1,51748,5240200
4020.2,51776,5245400
4020.3,51804,5250600
4020.4,51832,5255800
4020.5,51860,5261000
4020.6,51886,5266200
4020.7,51912,5271400
4020.8,51938,5276600
4020.9,51964,5281800
4021.0,51990,5287000
4021.1,52014,5292200
4021.2,52038,5297400
4021.3,52062,5302600
4021.4,52086,5307800
4021.5,52110,5313000
4021.6,52136,5318200
4021.7,52162,5323400
4021.8,52188,5328600
4021.9,52214,5333800
4022.0,52240,5339000
4022.1,52264,5344200
4022.2,52288,5349400
4022.3,52312,5354600
4022.4,52336,5359800
4022.5,52360,5365000
4022.6,52388,5370200
4022.7,52416,5375400
4022.8,52444,5380600
4022.9,52472,5385800
4023.0,52500,5391000
4023.1,52528,5396400
4023.2,52556,5401800
4023.3,52584,5407200
4023.4,52612,5412600
4023.5,52640,5418000
4023.6,52672,5423200
4023.7,52704,5428400
4023.8,52736,5433600
4023.9,52768,5438800
4024.0,52800,5444000
4024.1,52832,5449200
4024.2,52864,5454400
4024.3,52896,5459600
4024.4,52928,5464800
4024.5,52960,5470000
4024.6,52988,5475400
4024.7,53016,5480800
4024.8,53044,5486200
4024.9,53072,5491600
4025.0,53100,5497000
4025.1,53128,5502400
4025.2,53156,5507800
4025.3,53184,5513200
4025.4,53212,5518600
4025.5,53240,5524000
4025.6,53268,5529200
4025.7,53296,5534400
4025.8,53324,5539600
4025.9,53352,5544800
4026.0,53380,5550000
4026.1,53410,5555400
4026.2,53440,5560800
4026.3,53470,5566200
4026.4,53500,5571600
4026.5,53530,5577000
4026.6,53560,5582400
4026.7,53590,5587800
4026.8,53620,5593200
4026.9,53650,5598600
4027.0,53680,5604000
4027.1,53708,5609400
4027.2,53736,5614800
4027.3,53764,5620200
4027.4,53792,5625600
4027.5,53820,5631000
4027.6,53850,5636400
4027.7,53880,5641800
4027.8,53910,5647200
4027.9,53940,5652600
4028.0,53970,5658000
4028.1,53998,5663400
4028.2,54026,5668800
4028.3,54054,5674200
4028.4,54082,5679600
4028.5,54110,5685000
4028.6,54136,5690400
4028.7,54162,5695800
4028.8,54188,5701200
4028.9,54214,5706600
4029.0,54240,5712000
4029.1,54268,5717400
4029.2,54296,5722800
4029.3,54324,5728200
4029.4,54352,5733600
4029.5,54380,5739000
4029.6,54410,5744400
4029.7,54440,5749800
4029.8,54470,5755200
4029.9,54500,5760600
4030.0,54530,5766000
4030.1,54562,5771400
4030.2,54594,5776800
4030.3,54626,5782200
4030.4,54658,5787600
4030.5,54690,5793000
4030.6,54720,5798600
4030.7,54750,5804200
4030.8,54780,5809800
4030.9,54810,5815400
4031.0,54840,5821000
4031.1,54868,5826400
4031.2,54896,5831800
4031.3,54924,5837200
4031.4,54952,5842600
4031.5,54980,5848000
4031.6,55010,5853600
4031.7,55040,5859200
4031.8,55070,5864800
4031.9,55100,5870400
4032.0,55130,5876000
4032.1,55160,5881400
4032.2,55190,5886800
4032.3,55220,5892200
4032.4,55250,5897600
4032.5,55280,5903000
4032.6,55310,5908600
4032.7,55340,5914200
4032.8,55370,5919800
4032.9,55400,5925400
4033.0,55430,5931000
4033.1,55462,5936600
4033.2,55494,5942200
4033.3,55526,5947800
4033.4,55558,5953400
4033.5,55590,5959000
4033.6,55622,5964600
4033.7,55654,5970200
4033.8,55686,5975800
4033.9,55718,5981400
4034.0,55750,5987000
4034.1,55780,5992400
4034.2,55810,5997800
4034.3,55840,6003200
4034.4,55870,6008600
4034.5,55900,6014000
4034.6,55926,6019600
4034.7,55952,6025200
4034.8,55978,6030800
4034.9,56004,6036400
4035.0,56030,6042000
4035.1,56056,6047800
4035.2,56082,6053600
4035.3,56108,6059400
4035.4,56134,6065200
4035.5,56160,6071000
4035.6,56186,6076600
4035.7,56212,6082200
4035.8,56238,6087800
4035.9,56264,6093400
4036.0,56290,6099000
4036.1,56318,6104600
4036.2,56346,6110200
4036.3,56374,6115800
4036.4,56402,6121400
4036.5,56430,6127000
4036.6,56458,6132600
4036.7,56486,6138200
4036.8,56514,6143800
4036.9,56542,6149400
4037.0,56570,6155000
4037.1,56600,6160600
4037.2,56630,6166200
4037.3,56660,6171800
4037.4,56690,6177400
4037.5,56720,6183000
4037.6,56746,6188800
4037.7,56772,6194600
4037.8,56798,6200400
4037.9,56824,6206200
4038.0,56850,6212000
4038.1,56878,6217600
4038.2,56906,6223200
4038.3,56934,6228800
4038.4,56962,6234400
4038.5,56990,6240000
4038.6,57016,6245800
4038.7,57042,6251600
4038.8,57068,6257400
4038.9,57094,6263200
4039.0,57120,6269000
4039.1,57148,6274600
4039.2,57176,6280200
4039.3,57204,6285800
4039.4,57232,6291400
4039.5,57260,6297000
4039.6,57286,6302800
4039.7,57312,6308600
4039.8,57338,6314400
4039.9,57364,6320200
4040.0,57390,6326000
4040.1,57412,6331800
4040.2,57434,6337600
4040.3,57456,6343400
4040.4,57478,6349200
4040.5,57500,6355000
4040.6,57524,6360800
4040.7,57548,6366600
4040.8,57572,6372400
4040.9,57596,6378200
4041.0,57620,6384000
4041.1,57644,6389600
4041.2,57668,6395200
4041.3,57692,6400800
4041.4,57716,6406400
4041.5,57740,6412000
4041.6,57762,6417800
4041.7,57784,6423600
4041.8,57806,6429400
4041.9,57828,6435200
4042.0,57850,6441000
4042.1,57874,6446800
4042.2,57898,6452600
4042.3,57922,6458400
4042.4,57946,6464200
4042.5,57970,6470000
4042.6,57996,6475800
4042.7,58022,6481600
4042.8,58048,6487400
4042.9,58074,6493200
4043.0,58100,6499000
4043.1,58126,6504800
4043.2,58152,6510600
4043.3,58178,6516400
4043.4,58204,6522200
4043.5,58230,6528000
4043.6,58258,6534000
4043.7,58286,6540000
4043.8,58314,6546000
4043.9,58342,6552000
4044.0,58370,6558000
4044.1,58396,6563800
4044.2,58422,6569600
4044.3,58448,6575400
4044.4,58474,6581200
4044.5,58500,6587000
4044.6,58528,6592800
4044.7,58556,6598600
4044.8,58584,6604400
4044.9,58612,6610200
4045.0,58640,6616000
4045.1,58666,6621800
4045.2,58692,6627600
4045.3,58718,6633400
4045.4,58744,6639200
4045.5,58770,6645000
4045.6,58796,6651000
4045.7,58822,6657000
4045.8,58848,6663000
4045.9,58874,6669000
4046.0,58900,6675000
4046.1,58928,6680800
4046.2,58956,6686600
4046.3,58984,6692400
4046.4,59012,6698200
4046.5,59040,6704000
4046.6,59068,6710000
4046.7,59096,6716000
4046.8,59124,6722000
4046.9,59152,6728000
4047.0,59180,6734000
4047.1,59206,6740000
4047.2,59232,6746000
4047.3,59258,6752000
4047.4,59284,6758000
4047.5,59310,6764000
4047.6,59336,6769800
4047.7,59362,6775600
4047.8,59388,6781400
4047.9,59414,6787200
4048.0,59440,6793000
4048.1,59464,6799000
4048.2,59488,6805000
4048.3,59512,6811000
4048.4,59536,6817000
4048.5,59560,6823000
4048.6,59586,6829000
4048.7,59612,6835000
4048.8,59638,6841000
4048.9,59664,6847000
4049.0,59690,6853000
4049.1,59716,6859000
4049.2,59742,6865000
4049.3,59768,6871000
4049.4,59794,6877000
4049.5,59820,6883000
4049.6,59846,6888800
4049.7,59872,6894600
4049.8,59898,6900400
4049.9,59924,6906200
4050.0,59950,6912000
4050.1,59976,6918000
4050.2,60002,6924000
4050.3,60028,6930000
4050.4,60054,6936000
4050.5,60080,6942000
4050.6,60106,6948200
4050.7,60132,6954400
4050.8,60158,6960600
4050.9,60184,6966800
4051.0,60210,6973000
4051.1,60238,6979000
4051.2,60266,6985000
4051.3,60294,6991000
4051.4,60322,6997000
4051.5,60350,7003000
4051.6,60378,7009000
4051.7,60406,7015000
4051.8,60434,7021000
4051.9,60462,7027000
4052.0,60490,7033000
4052.1,60518,7039000
4052.2,60546,7045000
4052.3,60574,7051000
4052.4,60602,7057000
4052.5,60630,7063000
4052.6,60658,7069200
4052.7,60686,7075400
4052.8,60714,7081600
4052.9,60742,7087800
4053.0,60770,7094000
4053.1,60798,7100000
4053.2,60826,7106000
4053.3,60854,7112000
4053.4,60882,7118000
4053.5,60910,7124000
4053.6,60936,7130000
4053.7,60962,7136000
4053.8,60988,7142000
4053.9,61014,7148000
4054.0,61040,7154000
4054.1,61068,7160200
4054.2,61096,7166400
4054.3,61124,7172600
4054.4,61152,7178800
4054.5,61180,7185000
4054.6,61204,7191200
4054.7,61228,7197400
4054.8,61252,7203600
4054.9,61276,7209800
4055.0,61300,7216000
4055.1,61328,7222000
4055.2,61356,7228000
4055.3,61384,7234000
4055.4,61412,7240000
4055.5,61440,7246000
4055.6,61466,7252200
4055.7,61492,7258400
4055.8,61518,7264600
4055.9,61544,7270800
4056.0,61570,7277000
4056.1,61596,7283200
4056.2,61622,7289400
4056.3,61648,7295600
4056.4,61674,7301800
4056.5,61700,7308000
4056.6,61726,7314200
4056.7,61752,7320400
4056.8,61778,7326600
4056.9,61804,7332800
4057.0,61830,7339000
4057.1,61854,7345200
4057.2,61878,7351400
4057.3,61902,7357600
4057.4,61926,7363800
4057.5,61950,7370000
4057.6,61972,7376200
4057.7,61994,7382400
4057.8,62016,7388600
4057.9,62038,7394800
4058.0,62060,7401000
4058.1,62084,7407200
4058.2,62108,7413400
4058.3,62132,7419600
4058.4,62156,7425800
4058.5,62180,7432000
4058.6,62202,7438200
4058.7,62224,7444400
4058.8,62246,7450600
4058.9,62268,7456800
4059.0,62290,7463000
4059.1,62312,7469200
4059.2,62334,7475400
4059.3,62356,7481600
4059.4,62378,7487800
4059.5,62400,7494000
4059.6,62426,7500200
4059.7,62452,7506400
4059.8,62478,7512600
4059.9,62504,7518800
4060.0,62530,7525000
4060.1,62558,7531400
4060.2,62586,7537800
4060.3,62614,7544200
4060.4,62642,7550600
4060.5,62670,7557000
4060.6,62700,7563200
4060.7,62730,7569400
4060.8,62760,7575600
4060.9,62790,7581800
4061.0,62820,7588000
4061.1,62852,7594400
4061.2,62884,7600800
4061.3,62916,7607200
4061.4,62948,7613600
4061.5,62980,7620000
4061.6,63012,7626200
4061.7,63044,7632400
4061.8,63076,7638600
4061.9,63108,7644800
4062.0,63140,7651000
4062.1,63172,7657400
4062.2,63204,7663800
4062.3,63236,7670200
4062.4,63268,7676600
4062.5,63300,7683000
4062.6,63330,7689200
4062.7,63360,7695400
4062.8,63390,7701600
4062.9,63420,7707800
4063.0,63450,7714000
4063.1,63480,7720400
4063.2,63510,7726800
4063.3,63540,7733200
4063.4,63570,7739600
4063.5,63600,7746000
4063.6,63632,7752400
4063.7,63664,7758800
4063.8,63696,7765200
4063.9,63728,7771600
4064.0,63760,7778000
4064.1,63792,7784400
4064.2,63824,7790800
4064.3,63856,7797200
4064.4,63888,7803600
4064.5,63920,7810000
4064.6,63952,7816400
4064.7,63984,7822800
4064.8,64016,7829200
4064.9,64048,7835600
4065.0,64080,7842000
4065.1,64112,7848400
4065.2,64144,7854800
4065.3,64176,7861200
4065.4,64208,7867600
4065.5,64240,7874000
4065.6,64272,7880400
4065.7,64304,7886800
4065.8,64336,7893200
4065.9,64368,7899600
4066.0,64400,7906000
4066.1,64430,7912400
4066.2,64460,7918800
4066.3,64490,7925200
4066.4,64520,7931600
4066.5,64550,7938000
4066.6,64580,7944600
4066.7,64610,7951200
4066.8,64640,7957800
4066.9,64670,7964400
4067.0,64700,7971000
4067.1,64732,7977400
4067.2,64764,7983800
4067.3,64796,7990200
4067.4,64828,7996600
4067.5,64860,8003000
4067.6,64894,8009600
4067.7,64928,8016200
4067.8,64962,8022800
4067.9,64996,8029400
4068.0,65030,8036000
4068.1,65062,8042400
4068.2,65094,8048800
4068.3,65126,8055200
4068.4,65158,8061600
4068.5,65190,8068000
4068.6,65222,8074600
4068.7,65254,8081200
4068.8,65286,8087800
4068.9,65318,8094400
4069.0,65350,8101000
4069.1,65382,8107400
4069.2,65414,8113800
4069.3,65446,8120200
4069.4,65478,8126600
4069.5,65510,8133000
4069.6,65540,8139600
4069.7,65570,8146200
4069.8,65600,8152800
4069.9,65630,8159400
4070.0,65660,8166000
4070.1,65692,8172600
4070.2,65724,8179200
4070.3,65756,8185800
4070.4,65788,8192400
4070.5,65820,8199000
4070.6,65852,8205600
4070.7,65884,8212200
4070.8,65916,8218800
4070.9,65948,8225400
4071.0,65980,8232000
4071.1,66012,8238600
4071.2,66044,8245200
4071.3,66076,8251800
4071.4,66108,8258400
4071.5,66140,8265000
4071.6,66174,8271600
4071.7,66208,8278200
4071.8,66242,8284800
4071.9,66276,8291400
4072.0,66310,8298000
4072.1,66340,8304600
4072.2,66370,8311200
4072.3,66400,8317800
4072.4,66430,8324400
4072.5,66460,8331000
4072.6,66488,8337800
4072.7,66516,8344600
4072.8,66544,8351400
4072.9,66572,8358200
4073.0,66600,8365000
4073.1,66626,8371600
4073.2,66652,8378200
4073.3,66678,8384800
4073.4,66704,8391400
4073.5,66730,8398000
4073.6,66756,8404600
4073.7,66782,8411200
4073.8,66808,8417800
4073.9,66834,8424400
4074.0,66860,8431000
4074.1,66884,8437800
4074.2,66908,8444600
4074.3,66932,8451400
4074.4,66956,8458200
4074.5,66980,8465000
4074.6,67004,8471600
4074.7,67028,8478200
4074.8,67052,8484800
4074.9,67076,8491400
4075.0,67100,8498000
4075.1,67126,8504800
4075.2,67152,8511600
4075.3,67178,8518400
4075.4,67204,8525200
4075.5,67230,8532000
4075.6,67254,8538800
4075.7,67278,8545600
4075.8,67302,8552400
4075.9,67326,8559200
4076.0,67350,8566000
4076.1,67378,8572600
4076.2,67406,8579200
4076.3,67434,8585800
4076.4,67462,8592400
4076.5,67490,8599000
4076.6,67518,8605800
4076.7,67546,8612600
4076.8,67574,8619400
4076.9,67602,8626200
4077.0,67630,8633000
4077.1,67660,8639800
4077.2,67690,8646600
4077.3,67720,8653400
4077.4,67750,8660200
4077.5,67780,8667000
4077.6,67814,8673800
4077.7,67848,8680600
4077.8,67882,8687400
4077.9,67916,8694200
4078.0,67950,8701000
4078.1,67986,8707800
4078.2,68022,8714600
4078.3,68058,8721400
4078.4,68094,8728200
4078.5,68130,8735000
4078.6,68168,8741800
4078.7,68206,8748600
4078.8,68244,8755400
4078.9,68282,8762200
4079.0,68320,8769000
4079.1,68358,8775800
4079.2,68396,8782600
4079.3,68434,8789400
4079.4,68472,8796200
4079.5,68510,8803000
4079.6,68548,8809800
4079.7,68586,8816600
4079.8,68624,8823400
4079.9,68662,8830200
4080.0,68700,8837000
4080.1,68738,8844000
4080.2,68776,8851000
4080.3,68814,8858000
4080.4,68852,8865000
4080.5,68890,8872000
4080.6,68928,8878800
4080.7,68966,8885600
4080.8,69004,8892400
4080.9,69042,8899200
4081.0,69080,8906000
4081.1,69120,8913000
4081.2,69160,8920000
4081.3,69200,8927000
4081.4,69240,8934000
4081.5,69280,8941000
4081.6,69320,8948000
4081.7,69360,8955000
4081.8,69400,8962000
4081.9,69440,8969000
4082.0,69480,8976000
4082.1,69520,8982800
4082.2,69560,8989600
4082.3,69600,8996400
4082.4,69640,9003200
4082.5,69680,9010000
4082.6,69716,9017000
4082.7,69752,9024000
4082.8,69788,9031000
4082.9,69824,9038000
4083.0,69860,9045000
4083.1,69892,9052000
4083.2,69924,9059000
4083.3,69956,9066000
4083.4,69988,9073000
4083.5,70020,9080000
4083.6,70056,9087000
4083.7,70092,9094000
4083.8,70128,9101000
4083.9,70164,9108000
4084.0,70200,9115000
4084.1,70238,9122000
4084.2,70276,9129000
4084.3,70314,9136000
4084.4,70352,9143000
4084.5,70390,9150000
4084.6,70424,9157200
4084.7,70458,9164400
4084.8,70492,9171600
4084.9,70526,9178800
4085.0,70560,9186000
4085.1,70594,9193000
4085.2,70628,9200000
4085.3,70662,9207000
4085.4,70696,9214000
4085.5,70730,9221000
4085.6,70760,9228000
4085.7,70790,9235000
4085.8,70820,9242000
4085.9,70850,9249000
4086.0,70880,9256000
4086.1,70910,9263200
4086.2,70940,9270400
4086.3,70970,9277600
4086.4,71000,9284800
4086.5,71030,9292000
4086.6,71056,9299000
4086.7,71082,9306000
4086.8,71108,9313000
4086.9,71134,9320000
4087.0,71160,9327000
4087.1,71186,9334200
4087.2,71212,9341400
4087.3,71238,9348600
4087.4,71264,9355800
4087.5,71290,9363000
4087.6,71314,9370200
4087.7,71338,9377400
4087.8,71362,9384600
4087.9,71386,9391800
4088.0,71410,9399000
4088.1,71436,9406000
4088.2,71462,9413000
4088.3,71488,9420000
4088.4,71514,9427000
4088.5,71540,9434000
4088.6,71564,9441200
4088.7,71588,9448400
4088.8,71612,9455600
4088.9,71636,9462800
4089.0,71660,9470000
4089.1,71684,9477200
4089.2,71708,9484400
4089.3,71732,9491600
4089.4,71756,9498800
4089.5,71780,9506000
4089.6,71804,9513200
4089.7,71828,9520400
4089.8,71852,9527600
4089.9,71876,9534800
4090.0,71900,9542000
4090.1,71928,9549200
4090.2,71956,9556400
4090.3,71984,9563600
4090.4,72012,9570800
4090.5,72040,9578000
4090.6,72072,9585200
4090.7,72104,9592400
4090.8,72136,9599600
4090.9,72168,9606800
4091.0,72200,9614000
4091.1,72236,9621200
4091.2,72272,9628400
4091.3,72308,9635600
4091.4,72344,9642800
4091.5,72380,9650000
4091.6,72414,9657200
4091.7,72448,9664400
4091.8,72482,9671600
4091.9,72516,9678800
4092.0,72550,9686000
4092.1,72582,9693400
4092.2,72614,9700800
4092.3,72646,9708200
4092.4,72678,9715600
4092.5,72710,9723000
4092.6,72742,9730200
4092.7,72774,9737400
4092.8,72806,9744600
4092.9,72838,9751800
4093.0,72870,9759000
4093.1,72904,9766400
4093.2,72938,9773800
4093.3,72972,9781200
4093.4,73006,9788600
4093.5,73040,9796000
4093.6,73072,9803200
4093.7,73104,9810400
4093.8,73136,9817600
4093.9,73168,9824800
4094.0,73200,9832000
4094.1,73234,9839400
4094.2,73268,9846800
4094.3,73302,9854200
4094.4,73336,9861600
4094.5,73370,9869000
4094.6,73406,9876400
4094.7,73442,9883800
4094.8,73478,9891200
4094.9,73514,9898600
4095.0,73550,9906000
4095.1,73586,9913200
4095.2,73622,9920400
4095.3,73658,9927600
4095.4,73694,9934800
4095.5,73730,9942000
4095.6,73764,9949400
4095.7,73798,9956800
4095.8,73832,9964200
4095.9,73866,9971600
4096.0,73900,9979000
4096.1,73930,9986400
4096.2,73960,9993800
4096.3,73990,10001200
4096.4,74020,10008600
4096.5,74050,10016000
4096.6,74076,10023400
4096.7,74102,10030800
4096.8,74128,10038200
4096.9,74154,10045600
4097.0,74180,10053000
4097.1,74206,10060400
4097.2,74232,10067800
4097.3,74258,10075200
4097.4,74284,10082600
4097.5,74310,10090000
4097.6,74336,10097600
4097.7,74362,10105200
4097.8,74388,10112800
4097.9,74414,10120400
4098.0,74440,10128000
4098.1,74468,10135400
4098.2,74496,10142800
4098.3,74524,10150200
4098.4,74552,10157600
4098.5,74580,10165000
4098.6,74610,10172400
4098.7,74640,10179800
4098.8,74670,10187200
4098.9,74700,10194600
4099.0,74730,10202000
4099.1,74760,10209600
4099.2,74790,10217200
4099.3,74820,10224800
4099.4,74850,10232400
4099.5,74880,10240000
4099.6,74906,10247400
4099.7,74932,10254800
4099.8,74958,10262200
4099.9,74984,10269600
4100.0,75010,10277000
4100.1,75034,10284600
4100.2,75058,10292200
4100.3,75082,10299800
4100.4,75106,10307400
4100.5,75130,10315000
4100.6,75152,10322400
4100.7,75174,10329800
4100.8,75196,10337200
4100.9,75218,10344600
4101.0,75240,10352000
4101.1,75262,10359600
4101.2,75284,10367200
4101.3,75306,10374800
4101.4,75328,10382400
4101.5,75350,10390000
4101.6,75372,10397600
4101.7,75394,10405200
4101.8,75416,10412800
4101.9,75438,10420400
4102.0,75460,10428000
4102.1,75482,10435400
4102.2,75504,10442800
4102.3,75526,10450200
4102.4,75548,10457600
4102.5,75570,10465000
4102.6,75590,10472600
4102.7,75610,10480200
4102.8,75630,10487800
4102.9,75650,10495400
4103.0,75670,10503000
4103.1,75692,10510600
4103.2,75714,10518200
4103.3,75736,10525800
4103.4,75758,10533400
4103.5,75780,10541000
4103.6,75808,10548600
4103.7,75836,10556200
4103.8,75864,10563800
4103.9,75892,10571400
4104.0,75920,10579000
4104.1,75956,10586600
4104.2,75992,10594200
4104.3,76028,10601800
4104.4,76064,10609400
4104.5,76100,10617000
4104.6,76138,10624600
4104.7,76176,10632200
4104.8,76214,10639800
4104.9,76252,10647400
4105.0,76290,10655000
4105.1,76324,10662600
4105.2,76358,10670200
4105.3,76392,10677800
4105.4,76426,10685400
4105.5,76460,10693000
4105.6,76496,10700800
4105.7,76532,10708600
4105.8,76568,10716400
4105.9,76604,10724200
4106.0,76640,10732000
4106.1,76674,10739600
4106.2,76708,10747200
4106.3,76742,10754800
4106.4,76776,10762400
4106.5,76810,10770000
4106.6,76844,10777600
4106.7,76878,10785200
4106.8,76912,10792800
4106.9,76946,10800400
4107.0,76980,10808000
4107.1,77014,10815800
4107.2,77048,10823600
4107.3,77082,10831400
4107.4,77116,10839200
4107.5,77150,10847000
4107.6,77184,10854800
4107.7,77218,10862600
4107.8,77252,10870400
4107.9,77286,10878200
4108.0,77320,10886000
4108.1,77354,10893600
4108.2,77388,10901200
4108.3,77422,10908800
4108.4,77456,10916400
4108.5,77490,10924000
4108.6,77526,10931800
4108.7,77562,10939600
4108.8,77598,10947400
4108.9,77634,10955200
4109.0,77670,10963000
4109.1,77706,10970800
4109.2,77742,10978600
4109.3,77778,10986400
4109.4,77814,10994200
4109.5,77850,11002000
4109.6,77886,11009800
4109.7,77922,11017600
4109.8,77958,11025400
4109.9,77994,11033200
4110.0,78030,11041000
4110.1,78064,11048800
4110.2,78098,11056600
4110.3,78132,11064400
4110.4,78166,11072200
4110.5,78200,11080000
4110.6,78234,11087800
4110.7,78268,11095600
4110.8,78302,11103400
4110.9,78336,11111200
4111.0,78370,11119000
4111.1,78400,11126800
4111.2,78430,11134600
4111.3,78460,11142400
4111.4,78490,11150200
4111.5,78520,11158000
4111.6,78548,11166000
4111.7,78576,11174000
4111.8,78604,11182000
4111.9,78632,11190000
4112.0,78660,11198000
4112.1,78688,11205800
4112.2,78716,11213600
4112.3,78744,11221400
4112.4,78772,11229200
4112.5,78800,11237000
4112.6,78828,11244800
4112.7,78856,11252600
4112.8,78884,11260400
4112.9,78912,11268200
4113.0,78940,11276000
4113.1,78966,11284000
4113.2,78992,11292000
4113.3,79018,11300000
4113.4,79044,11308000
4113.5,79070,11316000
4113.6,79098,11323800
4113.7,79126,11331600
4113.8,79154,11339400
4113.9,79182,11347200
4114.0,79210,11355000
4114.1,79242,11363000
4114.2,79274,11371000
4114.3,79306,11379000
4114.4,79338,11387000
4114.5,79370,11395000
4114.6,79402,11403000
4114.7,79434,11411000
4114.8,79466,11419000
4114.9,79498,11427000
4115.0,79530,11435000
4115.1,79562,11443000
4115.2,79594,11451000
4115.3,79626,11459000
4115.4,79658,11467000
4115.5,79690,11475000
4115.6,79724,11482800
4115.7,79758,11490600
4115.8,79792,11498400
4115.9,79826,11506200
4116.0,79860,11514000
4116.1,79894,11522000
4116.2,79928,11530000
4116.3,79962,11538000
4116.4,79996,11546000
4116.5,80030,11554000
4116.6,80066,11562000
4116.7,80102,11570000
4116.8,80138,11578000
4116.9,80174,11586000
4117.0,80210,11594000
4117.1,80246,11602200
4117.2,80282,11610400
4117.3,80318,11618600
4117.4,80354,11626800
4117.5,80390,11635000
4117.6,80428,11643000
4117.7,80466,11651000
4117.8,80504,11659000
4117.9,80542,11667000
4118.0,80580,11675000
4118.1,80616,11683000
4118.2,80652,11691000
4118.3,80688,11699000
4118.4,80724,11707000
4118.5,80760,11715000
4118.6,80798,11723200
4118.7,80836,11731400
4118.8,80874,11739600
4118.9,80912,11747800
4119.0,80950,11756000
4119.1,80988,11764000
4119.2,81026,11772000
4119.3,81064,11780000
4119.4,81102,11788000
4119.5,81140,11796000
4119.6,81184,11804200
4119.7,81228,11812400
4119.8,81272,11820600
4119.9,81316,11828800
4120.0,81360,11837000
